{"cameraMode":{"drawMode":0,"name":"Shaded","section":"Shading Mode"},"sceneLighting":false,"audioPlay":false,"sceneViewState":{"showFog":true,"showMaterialUpdate":false,"showSkybox":true,"showFlares":true,"showImageEffects":true,"showParticleSystems":true},"in2DMode":false,"pivot":{"x":19.013599395751954,"y":-0.20909500122070313,"z":31.065570831298829},"rotation":{"x":0.263269305229187,"y":0.35102203488349917,"z":-0.10354089736938477,"w":0.8926272988319397},"size":19.435773849487306,"orthographic":false}