{"cameraMode":{"drawMode":0,"name":"Shaded","section":"Shading Mode"},"sceneLighting":false,"audioPlay":false,"sceneViewState":{"showFog":true,"showMaterialUpdate":false,"showSkybox":true,"showFlares":true,"showImageEffects":true,"showParticleSystems":true},"in2DMode":false,"pivot":{"x":43.41793441772461,"y":-37.849220275878909,"z":64.23211669921875},"rotation":{"x":0.263269305229187,"y":0.35102203488349917,"z":-0.10354089736938477,"w":0.8926272988319397},"size":83.5037612915039,"orthographic":false}