{"cameraMode":{"drawMode":0,"name":"Shaded","section":"Shading Mode"},"sceneLighting":false,"audioPlay":false,"sceneViewState":{"showFog":true,"showMaterialUpdate":false,"showSkybox":true,"showFlares":true,"showImageEffects":true,"showParticleSystems":true},"in2DMode":false,"pivot":{"x":35.439327239990237,"y":-1.2755985260009766,"z":23.04444122314453},"rotation":{"x":0.19824270904064179,"y":0.48885899782180788,"z":-0.11514462530612946,"w":0.8417191505432129},"size":12.805706977844239,"orthographic":false}