{"cameraMode":{"drawMode":0,"name":"Shaded","section":"Shading Mode"},"sceneLighting":false,"audioPlay":false,"sceneViewState":{"showFog":true,"showMaterialUpdate":false,"showSkybox":true,"showFlares":true,"showImageEffects":true,"showParticleSystems":true},"in2DMode":false,"pivot":{"x":34.47410583496094,"y":0.2670862674713135,"z":13.047975540161133},"rotation":{"x":0.13776428997516633,"y":0.5504257082939148,"z":-0.09268353134393692,"w":0.8182259798049927},"size":18.459280014038087,"orthographic":false}